time,fluxV404,fluxErrV404,fluxC4,fluxErrC4
0.0,157.18782768869278,30.323700053222613,-3.7668895660978663,27.625689949652774
1.00009985268116,192.23880525451645,30.361848339424142,132.57945280952777,27.527433748996057
2.0002003759145737,222.03984947837841,30.871135047579852,109.8638546535706,27.780202704048286
3.0003002285957336,160.3295015521021,30.944162672026998,40.09793729270287,27.891076058427927
4.000400081276894,219.04118328065186,31.242575284821825,119.0505845521341,28.280418155323378
5.000500604510307,311.962525789014,30.495225514669976,127.55508225222036,28.67174339890413
6.00059911608696,278.0558612036692,30.58563243302748,155.47801807723886,28.791969788045535
7.000700980424881,278.45328755560087,30.677742756487614,100.90547131130415,28.596446897956785
8.000799492001534,135.59159629470471,30.044083091155283,-25.449157563136442,27.96540330772434
9.000900015234947,330.8382985794304,31.07534846571329,34.67847928998023,27.514360235646524
10.000999867916107,141.73893360645036,30.580080341614238,40.469961691923025,28.410317944733382
11.00110039114952,150.24823591084646,30.47384903345526,11.42417833674078,28.204241496909283
12.00120024383068,230.22099399072232,30.885046393010796,-50.648932387068506,27.819062658171326
13.00130009651184,474.99042913353685,31.67534736845898,14.198648302752295,28.228556599022845
14.001400619745255,218.77056280737534,31.14467407433508,92.75595412615975,28.57210079876232
15.001499131321907,218.71842042306054,30.89218515447737,11.788963566771029,28.094238922444287
16.001600995659828,105.87318466959557,30.641628933461185,96.45587401588323,28.11173155612616
17.00169950723648,179.16100000582142,30.915534814854162,-41.28744097291899,28.22381057389095
18.001800030469894,132.55714890183867,30.317156883916756,82.79802723432508,27.99192325700434
26.316426023840904,68.5167860771373,26.598354608011945,99.59879384037471,24.456844281580505
27.316525876522064,342.40219768845395,25.409869702740686,177.21597872456584,23.22485243811805
28.316626399755478,140.08887940804007,26.007056567539124,-70.87796031756838,24.419715422987554
29.316726252436638,-62.275838924211094,21.343237591169963,316.72334767403333,20.735530275887136
47.31852628290653,86.65949998497939,26.010303321098586,-98.44873179730494,24.02851889838049
48.318626806139946,83.5859118427522,25.292141730096173,22.202873323745237,23.489045115485727
49.3187253177166,18.921597235715655,22.109247149804855,-66.36405740643379,21.372966535753303
54.08293202519417,132.63914374972776,23.26632714964526,-14.976676584095967,21.98399085921692
60.08353181183338,136.10854175004744,22.939195233266343,177.84488196191637,21.876375269456346
61.08363166451454,269.3314694043238,27.93164756052547,30.929873097279497,25.656726503623542
62.083732187747955,114.18047731224952,28.054074517837023,50.98071721021725,25.705300645417612
63.083832040429115,8.73578344462149,28.190367995388257,74.51744850665696,26.047944795828595
64.08393256366253,86.9325688519896,28.495417190059896,-3.7707569973837587,26.17666492959961
65.08403107523918,206.49370687468084,29.10296139477233,37.340983213906455,26.189046475771804
66.0841329395771,284.2851970197252,28.123782553916985,-21.731321322201055,26.18457525390138
67.08423145115376,75.96946216212656,28.445958862310494,21.101639050935855,26.022551497409715
68.08433130383492,115.70855223788566,28.923915701282134,-60.292960052680584,26.773094123774275
69.08443182706833,345.2154808272598,29.465222335416513,-20.097879198869684,27.083806450629822
70.08453167974949,-9.249592790921838,29.498150347089446,88.8208355783993,27.577340978339763
71.0846322029829,173.76001683231993,29.627658802138843,92.62953355116557,27.72119845893544
72.08473205566406,202.74013478838495,29.75896650964144,51.210453966371816,27.31027937234954
73.08483257889748,148.79362865815165,29.53477125736778,36.824487000678275,27.571643027455814
74.08493109047413,44.65992453415473,29.866008460485748,106.91857412138663,27.92085959196081
75.08503295481205,267.72700495908884,30.025927674539616,-6.048749706174479,27.682956026346858
76.0851314663887,58.73800803359844,29.29561903945646,-41.88696369064038,27.308456497160133
77.08523131906986,111.87521860236154,30.238367739276498,68.94819498018613,27.577337321106885
78.08533184230328,200.8560125127386,30.360955210727713,107.13527220662687,27.890267630339817
80.3327601402998,210.4505001541214,30.627092783521906,-86.63784088897805,27.516548435090193
81.33285999298096,129.45222626010218,30.299550789294436,-18.60995975956406,27.67435922499486
82.33296051621437,135.6383703256984,30.314897582414826,88.70963450213914,27.844598344027336
83.33306036889553,75.33712067078059,30.253143840599297,32.564120458270196,27.318651797341303
84.33316022157669,36.62765178451902,29.697783696950385,93.4981485560069,27.342897415530356
85.3332607448101,169.3043343077643,28.814801936704857,149.38428536090697,27.64290016802152
86.33335925638676,-12.29573149138736,28.471052101224434,-124.85774383027436,27.05154782652042
87.33346112072468,185.271862122613,29.51190189937385,85.44950977032879,26.68415357529418
88.33355963230133,201.02612737092102,29.18709830032505,95.81508949660228,27.558519749856305
89.33366015553474,268.77386341557786,29.791987835447753,27.495659789189602,27.568353887858635
90.3337600082159,81.60813172285849,29.219373288856037,-31.87116418008172,27.173936618839416
91.33386053144932,64.46981162407747,29.4053120598777,69.94998570059573,27.597088655487735
92.33396038413048,173.34394373994155,30.159212741978507,55.54370082049575,27.886496324276454
93.33406023681164,279.065052806255,30.461272664291762,-52.03268899947593,27.415525431800976
94.33416076004505,166.8953294677561,30.71920315537905,30.781755050538944,27.821873703271322
95.3342592716217,129.7654441158401,30.489368121515447,-24.74497261500789,27.694316494819187
96.33436113595963,31.253793465047675,29.537264663039178,-36.753327430012995,27.34802510096315
97.33445964753628,94.8648214301056,30.005516728565553,-0.9308773545909412,27.237018684535364
98.33456017076969,73.7364072373854,30.059182951945104,32.56588866235561,28.057307074971945
99.33466002345085,186.1861693456737,30.604337036263487,-85.13123027788839,27.54278387977408
100.33476054668427,96.61440228098085,29.729037588172435,-60.55089936612458,27.004140649467498
101.33486039936543,250.565009989785,29.761517028137316,137.03893844863455,27.073155569545616
102.33496025204659,121.10506359584245,29.343930098092553,26.403623276436935,27.77661740897819
103.33506077528,9.079823558694383,29.066467530260457,-149.3259059615388,27.437217127919347
104.33515928685665,163.38484455492008,29.387707181321606,-3.9492372018759947,27.643994394490186
106.23253785073757,68.72767518385217,28.956803826720428,-39.87452320470579,27.014538038105613
107.23263837397099,22.778860241638974,28.697010086016903,72.81870101166972,26.878361371995908
108.23273688554764,64.94411492382599,28.636074360995355,-8.8149942512178,26.656489836343454
109.23283874988556,-4.28851551740261,29.292615816093583,13.233336132606205,27.2136998845629
110.23293860256672,241.8813677499239,29.803192021824273,105.36133717598297,27.465980378371817
111.23303711414337,12.056025721185675,29.21853495598771,21.732687080216177,27.44986793026937
113.23323749005795,-121.76593964002565,28.076713778051015,-2.032713754503905,26.228945700514977
114.23333801329136,271.0579097715998,28.308831701807488,84.08798133335192,25.95889329761391
115.23343786597252,-68.67235402726457,27.401088833353864,-78.89601274261139,25.22452404621474
116.23353838920593,106.78116136159699,26.410276979095418,63.24318832045347,25.28478468164995
117.23363690078259,244.4620215781239,27.55088592952952,174.4082902052866,25.4981895865566
118.2337387651205,-26.634314767471842,26.46897189243911,-66.83238550463743,25.51189131598737
119.23383861780167,-208.28705390109545,27.18139732857845,-85.3316909532617,25.33315286009948
120.23393712937832,91.20529022842048,26.97029040261833,31.036850125483962,26.00221983919107
121.23403765261173,101.75948796126029,28.25611419108033,26.27294492485833,26.757965623447184
122.23413750529289,63.14684129535217,28.32819519326239,-0.44161278979528407,26.78470023248143
123.2342380285263,-62.500748964921165,28.017229541483935,-89.26801909473663,26.702017818231425
124.23433788120747,125.4375836202334,28.671074989362175,25.838472312396238,27.04568054281592
125.23443840444088,135.9911888576088,28.852320181923037,27.195035227796552,27.081724964950155
126.23453691601753,27.077310658792946,28.81664906758804,58.96579614061256,27.23724625466603
127.23463878035545,111.9164444591175,28.58173171212369,141.08816518479,27.04717593004354
128.2347386330366,160.37504444446344,29.108930165721205,58.18755122434235,26.703993313245366
129.23483714461327,42.426052775067504,29.566718191852267,30.612651561545157,27.302390477627114
130.23493766784668,63.603675543879476,29.62468709711373,30.366987644828807,27.327812730478747
131.6322948038578,126.45103945171371,28.606456048870065,-28.730683638071024,27.08465786319909
133.63249517977238,462.7377619015345,29.041396084194623,77.66139492457228,26.0850054623881
134.63259503245354,24.266746283520412,28.599910461711428,-119.96998590462279,25.772660808804417
139.6330949664116,120.88414468973102,28.15174551027955,-36.315710162236876,26.35985874387843
140.63319481909275,263.0970761338295,28.554822801052005,108.52077552195466,26.732988935745546
144.6335955709219,75.89109144191671,28.857801902540878,127.83289105621282,27.021563928331524
1516.471651867032,-1113.0865790311057,26.38000625435446,-403.67838434485594,26.175326925882146
1517.4717523902655,-1043.6691847643735,27.103722285669317,-133.22299788455217,26.733592518445246
1518.4718522429466,-1030.6376312591162,26.97705584443842,-281.50245894243255,26.442919868972208
1519.4719520956278,-892.7474868793788,27.721113218367833,-269.6770191010097,26.787123031419956
1520.4720526188612,-927.0562528612139,27.04362186176471,-157.7911785113512,26.549918147524973
1521.4721511304379,-975.2141860247518,27.226834946975412,-225.57137366637915,26.7734485924313
1522.4722516536713,-1014.9361798872582,27.31827042822689,-249.13889717303545,26.574065665516628
1523.4723515063524,-842.5859027597706,27.601923151560825,-213.94683600935642,26.389340702756925
1524.4724520295858,-1051.433909184455,27.314204929171055,-154.16202311593338,26.632619970393833
1525.472551882267,-959.4346321884273,26.715162699681784,-223.68862789990888,26.350010102715153
1526.4726524055004,-950.1700413019734,27.268962636423222,-143.51214890113175,26.25634967945154
1527.4727522581816,-885.1797578989701,27.402405863512662,-226.73845665387242,26.26640836969262
1528.4728521108627,-900.7667503847686,27.847137960271823,-196.7307163511945,26.680125748469006
1529.4729526340961,-999.1908770591637,27.77464594144035,-147.17084945464532,26.459954769648036
1530.4730511456728,-748.0707658758886,28.266831622295236,-127.45637836179343,26.4876510365272
1531.4731516689062,-887.0371681008544,27.963688178363995,-270.4946811014044,26.027238090942898
1532.4732515215874,-847.1065985439468,27.183903774144305,-161.66358549874755,25.76823373327265
1533.4733520448208,-966.6893655047382,25.76521130565447,-334.2023215401184,25.75739555106801
1534.473451897502,-855.3332566928927,26.994601926599707,-214.23812562501897,26.332094958342875
1535.473551750183,-845.2406759024292,26.9488751426095,-308.6544258171307,26.218839898124404
1538.473852649331,-870.0415363410985,27.022161962564688,-245.49925779201732,26.223371710847598
1539.4739511609077,-867.7683856320475,27.12690312379593,-130.99867987524465,26.64995060059097
1540.4740516841412,-852.5327166730694,27.535312455963325,-83.31274674760878,26.76975293120415
1541.7546623200178,-977.2300064986022,27.817787031668633,-125.43188112114477,26.887983247093704
1542.754762172699,-789.2511943342881,28.419074148809088,-144.0745018284803,27.186924012322358
1543.7548626959324,-907.1784462709145,28.065255890884995,-125.57411929554058,27.012248524905047
1544.7549625486135,-779.0783488638111,27.985696829047736,-219.21088838143731,26.498554470806727
1545.755063071847,-766.3954777622108,28.70799291533343,-84.95527516979631,27.05360349140181
1546.7551629245281,-996.4754473034992,27.374368505738488,-101.08308773924243,26.410517161320467
1547.7552614361048,-672.3876929813488,28.344218117322622,-189.68901642665543,26.092330891969723
1548.7553633004427,-830.408463485119,28.253431444043116,-162.9244291546094,26.50920889663091
1549.7554618120193,-794.7911142970269,28.17335589090018,-97.56583921105356,26.461344206284867
1550.7555623352528,-929.3027207219166,27.45104281347785,-272.28481125333855,25.91402273451679
1551.755662187934,-902.60295954158,27.100467884042757,-235.55160735146677,26.384822850171176
1552.7557627111673,-805.2361636857981,27.923592129093876,-11.32684781474089,26.25704334221735
1553.7558625638485,-939.0073001263844,26.890872937014944,-194.9614440044629,26.22187413864596
1554.755963087082,-841.9260945230199,27.170942520788387,-63.63515010034396,26.388320450735545
1555.756062939763,-737.5527887025567,27.286490831271298,-145.986600533497,26.01320943528862
1556.7561614513397,-818.8446114563432,27.549276017468493,-201.574333370766,26.545753979489113
1557.7562633156776,-883.8516863085566,26.620149346074005,-185.9135106887189,25.956140590272323
1558.7563618272543,-662.0304668575579,27.330734793922478,-166.0351998194872,26.173612128693104
1559.7564623504877,-717.9589605671438,25.44128729947605,-118.14653812669272,24.111627839325383
1560.7565622031689,-870.4832815001901,26.11060407477453,-285.35673688253627,24.941494446017195
1561.7566627264023,-885.0157294437978,27.089636708581605,-212.16532137555782,25.82766006905396
1562.7567625790834,-783.4288579346596,27.108233000508616,-171.7195382891021,25.86259615543542
1563.7568631023169,-877.6423023409272,26.468098442380807,-260.5967703030661,25.467636275763333
1564.756962954998,-979.7945468658017,26.75708408151549,-58.81159426752483,25.857290979135907
1565.7570614665747,-846.3635035084053,27.566103497998043,-50.14399002510358,26.01124489759101
1567.6043685525656,-938.0879857957904,26.48333771349834,-391.44767984665236,25.813862302027886
1568.6044684052467,-933.8728654918567,26.93818009904824,-227.14752918917168,26.330903953725038
1569.6045689284801,-896.1994604422051,27.331016954332,-251.55165337963888,26.427983500333294
1570.6046687811613,-781.584478471764,27.548219470007464,-35.46672747306849,26.804446326608602
1571.6047693043947,-815.9314510700652,27.244617245770417,-139.75349557058829,26.484335280698957
1572.6048678159714,-841.8979067530641,26.190807730339564,-216.480094949121,25.137963953618865
1575.6051687151194,-823.5279537568464,27.6943253097971,-155.9005472558132,26.398004984200174
1576.6052685678005,-751.7239714427367,28.073653975169382,-133.65288428668893,26.685795749983228
1577.6053684204817,-812.385552809017,28.008954386481324,-36.87492728358073,26.65821552512305
1578.605468943715,-786.6754227321599,27.602913749999146,-154.98014090329866,26.13889066524796
1579.6055687963963,-868.3370049550292,27.860429518070568,-57.024525005526726,26.549733947489667
1580.6056693196297,-836.6471571918842,28.1382798355938,-140.50719216812507,26.473328865593682
1581.6057678312063,-803.9302282190087,28.165530914484744,-33.49408919853064,26.508546353469992
1582.6058683544397,-764.9685525077573,28.26261564574383,-71.77180140784063,26.421653215445865
1583.605968207121,-829.8816647825059,27.350650893520072,-142.7221062220634,26.552817472469165
1584.606068059802,-686.8500724973306,28.374902197362683,-132.31446138394116,26.12367573076161
1585.6061685830355,-958.6583953115061,26.289287777115383,-158.26216586281004,25.877430181833663
1586.6062684357166,-755.6850890555784,27.86805241488616,-183.84091159833835,25.76543993334618
1587.60636895895,-883.6512807846556,26.72421102243781,-269.38075965957205,26.002709754283725
1588.6064688116312,-944.4547636539018,26.660516612306765,-190.47166052800986,25.97198711899804
1589.6065693348646,-934.3194771539556,26.325819807207765,-42.291982581749416,26.25180960951377
1590.6066678464413,-974.9629871549375,26.937257132102744,-136.83522522325424,26.24565698498908
1591.6067683696747,-1008.2929741821322,26.656382507086718,-117.13722633293993,26.12321563233179
1594.270714893937,-697.277087389899,27.056588526233508,-166.20445243036957,25.55345172703742
1595.2708147466183,-946.6536232141788,26.44497205114902,-160.60858744859297,25.64739321061292
1596.2709152698517,-956.0043519181953,27.00687367959032,-9.62318251638853,25.875924817425215
1597.2710151225328,-848.2045710021441,26.63512412704409,-66.02216956783882,25.82063491539732
1598.2711156457663,-883.2008040073185,26.86303778912839,9.573953259299552,25.75032426394243
1599.271214157343,-987.4249981237273,26.176565202946687,-115.31008031763447,25.076463918556374
1600.271314010024,-944.3087508098793,26.462709680220478,-157.38230809409208,25.282943783781942
1601.271415874362,-783.1733895057365,27.73496587512771,-115.0957188560605,25.88374463191851
1602.2715143859386,-1019.6853572375779,26.779073529044478,-229.83258459825547,26.260248837256338
1603.271614909172,-872.7117084497364,27.13141247195851,-224.31901257967175,26.151880993230776
1604.2717147618532,-1012.4856886808417,26.852198406409666,-273.8288649762407,26.564720333499658
1605.2718152850866,-1059.2411172913673,26.417387479726372,-268.72500493377675,26.06421834639383
1606.2719151377678,-880.1337786100295,26.77399337918999,-297.6709686832222,25.830726908634055
1607.2720156610012,-977.7753922982256,27.080034184091993,-215.0357205207032,26.07965597225633
1608.2721141725779,-960.2004395763848,27.43088680792357,-135.9117371280165,26.558343852112753
1609.272214025259,-879.0769848232931,27.34223675518198,-159.6179463168555,26.16112950915537
1610.272315889597,-957.2853396101076,26.982033283694243,-44.36811953440869,26.491746842567384
1611.2724144011736,-919.0730013954577,27.44216993951254,-191.8813140507084,26.218565845102052
1612.272514924407,-939.518364820792,26.860132683235598,-82.37249350474593,26.174354374383192
1613.2726147770882,-971.3967922046446,27.000378687929164,-192.3500960154184,26.262743557770808
1614.2727153003216,-1137.7127300641298,26.208288777248132,-270.5793429646076,26.39054470650976
1615.2728151530027,-1147.6075969769697,26.784152858115355,-211.08853097521776,25.80940709341034
1616.2729156762362,-891.3489151144861,26.55078036425302,-231.55814489640872,26.185047552381143
1617.2730141878128,-983.5644799678106,26.864600429705757,-155.04153624616012,25.70431920272888
1618.273114040494,-953.5868155486767,26.504485675570226,-357.80646938010295,25.679395454871663
1620.0870678573847,-1009.9290860155912,26.11007080056061,-353.6996029626971,25.66898193103371
1621.087168380618,-952.1151455395201,26.277242465704877,-209.39425235602013,25.55460341576328
1622.0872682332993,-1045.0432123133826,26.272002955919568,-260.2666913051147,25.8751463248662
1623.0873680859804,-943.8873052145981,26.165231075598165,-191.80810362000904,25.657733304390966
1624.0874686092138,-1084.4081317496025,24.344969376217957,-137.12535651173584,24.288930833379126
1626.087667644024,-849.576521861962,25.452213123535543,-350.2126182724551,24.538634410076472
1627.087767496705,-813.8793990858443,25.95675653729215,-132.46876905260427,25.183488017764553
1628.0878680199385,-990.4289776649338,26.273496275704044,-162.38158960833997,25.445652024575452
1629.0879678726196,-920.2187854279395,27.02597882811343,-238.5671042179733,25.790508731298097
1630.088068395853,-957.3749796518575,26.641869262637098,-252.45221595409512,25.597136240960488
1631.0881682485342,-985.5897067580721,26.76710592695669,-155.38219243429924,26.00107681327158
1632.0882681012154,-1055.4742986859135,24.645467955529725,-290.5411229678394,23.621180413269162
1634.0884671360254,-727.8018805430181,25.57054874054969,-249.09654440665906,24.892207409657523
1635.0885676592588,-1001.054614738382,25.447278827877952,-220.73620169222494,25.107345340716087
1636.08866751194,-991.2101307253776,25.113395077827906,-293.71966600231116,24.992693285707606
1637.0887680351734,-787.7040448430384,25.556084256706676,-267.88876316822854,25.05309708499237
1638.0888678878546,-878.638244756308,24.854771816599555,-340.61666790060383,24.48484539620512
1639.0889677405357,-961.2543836778458,25.5740863002273,-337.699413827413,24.946252532983497
1640.0890682637691,-974.5201209500146,26.264009454220837,-418.73253585972225,24.691000548737982
1641.0891681164503,-977.2441416076034,25.57891008834821,-110.03486866216896,25.21761124253239
1642.0892686396837,-941.0891799582973,25.068030113111757,-270.6270739217721,24.54992551138272
1643.0893671512604,-899.9920090379078,24.590179583307638,-164.6869395094172,23.91864857137386
1644.0894676744938,-919.4198393912887,22.987414997869067,-210.2645156010169,22.42622978002619
2815.8685353398323,-41.738684224421746,28.436646688893394,57.04213927004808,26.0252297535267
2816.8686358630657,-250.42723126974852,28.04090449657213,85.4073811012057,26.00860008585113
2817.8687343746424,-126.70114742955059,27.31555144224068,77.22281322648125,25.28936178874935
2820.8690352737904,-252.53265091444186,25.68016101257448,-156.60893538365625,23.782020946238077
2821.8691351264715,-3.7569303431624,27.155349433634257,-113.86862477848103,24.44612504889882
2822.8692349791527,-109.42027460543704,25.78375722540774,-65.19110659773908,24.2620039864055
2823.869335502386,-43.08053933203844,25.473485652006236,-157.3674989292779,23.41957388391162
2824.8694353550673,262.2441777938144,24.615783995365398,127.46213359563156,22.85806865947963
2825.8695358783007,-256.2696705915733,22.844180884483198,49.660083178474274,22.269964053622463
2829.869934618473,-46.42350677481749,25.29177278103679,-11.256148619084785,24.159610358851364
2830.8700351417065,-39.236025968902304,24.564091981333767,-50.932084136478366,22.853085578323018
2831.8701349943876,-135.42375499347045,27.344411018831938,-203.84338060779146,24.67900160438469
2832.870235517621,-223.4297592739017,27.09663333266091,120.19365417266746,26.27991591225317
2839.0992709994316,-20.738635119218294,26.235451237002778,-8.656376896201149,24.253735868136495
2840.0993708521128,-35.716750826521825,26.90008583842492,22.916448742375653,24.750044258545376
2841.099471375346,-31.234456007720354,25.433951906120143,-67.5849987603792,23.17233292560385
2842.0995712280273,-16.859832254881194,27.28419953582041,-2.6686703423556795,25.073440470995326
2843.099669739604,-208.57184844890463,27.969742718326188,36.58782464300148,26.32022566314037
2844.099771603942,-125.89352187649088,28.53987427282946,-131.07322215110622,26.015398004381026
2845.0998701155186,10.790707881853777,29.230960641173322,-23.809546815678868,26.83630930968011
2847.100070491433,-27.53047289092722,28.773057990799987,-45.998616548880356,26.929239660496556
2848.1001710146666,29.989496484374893,28.868900854612676,-90.2992415731197,26.66634089609068
2849.1002708673477,29.68368108244454,28.665311241734972,-42.88404892321105,26.949472413732003
2851.1004712432623,-63.46906574528316,28.77448484408195,-77.84591948844842,26.588226471082905
2853.100671619177,-150.33496553030494,27.63562839467735,-22.52896417318756,26.019006611087207
2858.1011708825827,-148.1967093425467,27.792001462353934,-123.62465535227003,26.760222053515427
2860.1013712584972,-145.08459764518662,28.112655919391987,-34.23433860971266,26.778315808143518
2861.101469770074,-155.7374784276684,28.32958015594961,-8.080678924309098,26.79306084292334
2862.3300059884787,-165.94349522395746,28.788320210774714,-121.01946362260166,26.83008442103837
2863.33010584116,81.2849961222178,28.608528570589552,65.50526508207503,27.819493459697686
2864.3302063643932,-11.023734070985967,28.01556575171053,-97.52755006771584,27.02837846065259
2865.3303062170744,37.6439952725107,28.401621894428267,83.98550439578767,27.381827688897822
2866.330406740308,-34.5544695944965,27.747528745943104,-151.1915352824194,26.836525969938375
2867.3305052518845,54.87976463691723,28.652328268472424,-30.976863728163966,26.955222747428618
2868.330605775118,52.25745330022962,27.96825660015691,-23.79388518639248,26.86704995595797
2869.330705627799,10.723850406618881,28.069068426539687,20.433513554702945,27.64018691634429
2870.3308061510324,-6.457516346283391,29.063763806648456,60.83905490238499,27.16044196792345
2871.3309060037136,-131.0577636708564,28.055069246441725,57.6992461430652,27.805968768636777
2872.3310058563948,81.16905346762752,27.94903480460955,-3.8660156387562155,26.808262506255634
2873.331106379628,18.043477422195853,28.296755091680005,-50.63193091405532,26.68871368694969
2874.3312062323093,0.6042003325740666,27.73548813388829,46.91658581633786,26.66846526063326
2875.3313067555428,165.16379833521486,28.18298314537993,-59.63120772930788,26.259319395976103
2876.3314052671194,-14.794224401933018,28.693184601086607,38.601002568484695,26.770786078618563
2877.331505790353,130.5106701905716,28.385216558663917,66.2975645564728,26.197162054468635
2878.331605643034,41.827592448949794,27.423412138734573,-116.84102388671486,26.117688080987985
2879.3317061662674,-122.72255440918038,27.739919469005518,-63.68670977175879,26.698857005842736
2880.3318060189486,53.31610752560268,27.2489794182512,-40.41818197246515,26.323189893881782
2881.3319058716297,-92.47569437831622,28.388541637513438,-73.36186083811636,26.807349348567712
2882.332006394863,-75.00009843880005,28.58117619783872,-27.87598262579661,27.145124706395936
2883.3321062475443,13.420708385434502,28.258956838094285,-47.71701136656048,26.616210956809468
2884.3322067707777,-136.86710402789114,28.30908702457019,-30.752957025200814,26.56212076297054
2885.3323052823544,55.22798192447098,28.6836318785891,-91.9069567765242,26.47327883952335
2886.3324058055878,-100.68182760398842,27.2930491511496,16.57724792232544,26.99612270750852
2888.1275553256273,-38.890344444155915,28.61125050419712,-2.039199712789446,26.812358727895408
2889.1276558488607,-120.67917008923581,28.982746917026066,-15.044057310346913,27.612541546949206
2890.1277543604374,-17.819897295827715,29.755707285257202,-65.82282693667884,27.091680998776262
2891.1278562247753,-128.88580091504443,28.372519779035464,-15.964538099207887,26.437079628224538
2892.127954736352,-37.49413868799746,26.176210666837893,55.05885631759627,24.329653065739446
2900.1287562400103,-22.27257966717967,24.781737461876705,-3.0922090067978236,24.10706301232006
2901.128854751587,-155.59741453428325,23.32212458125909,28.49624609906814,22.750270875505496
2905.129255503416,-25.410406136211535,24.14482659253351,9.918282827028655,23.111488421720914
2906.129355356097,112.56079022370186,27.701301343605095,-32.020654009412034,25.786866685879435
2907.1294558793306,17.274902950444325,27.342923588322478,-20.323588853565074,25.53712995318093
2908.1295543909073,-32.78778912621679,26.57173914109333,62.603097083503705,24.90922858301725
2909.129656255245,71.03434465416737,25.946459297512714,48.314220501349936,24.460231123733813
2910.129754766822,-28.910055634620768,25.712280529257413,-100.19169786215286,24.30261990248085
2911.129854619503,21.368331604169253,26.492098176050035,153.89740113170254,24.941708796859896
2912.1299551427364,-160.42559410174957,27.803937789198404,71.35576601332518,25.779528263000817
2914.475248530507,70.13287680106767,24.697730139814603,-26.312410680005808,24.05444261648295
2915.4753483831882,-0.4859580429550298,26.965753627202822,-96.74696300706114,25.81410558128955
2916.4754489064217,6.110914415462639,27.403463430586545,99.07389324992513,26.94598768403474
2917.475548759103,181.9053277699424,27.947478803200816,66.78081219296479,26.97872835367697
2918.4756492823362,133.52478735477249,27.764030296227293,-17.071116341397833,26.861521345402906
2919.475747793913,-31.693538411007086,27.276119462106887,130.5535046656016,26.452846986087604
2920.475849658251,-73.30358456146399,27.958624853075094,90.37471250390652,26.886647380204717
2921.4759481698275,58.48113219093254,27.832721302779177,10.453265548221214,26.57873845227062
2922.476048693061,110.64156033757932,27.64453240717896,21.167151973479932,26.178905381522405
2927.476549297571,11.422210218450637,22.504645997081287,-14.40265448250397,21.449618193821873
2928.476647809148,187.24404418841905,27.155101240516192,-71.66551994862535,25.110565608398968
2929.4767496734858,328.705859784863,28.465147052859187,126.8016915753807,26.233965971598533
2938.9393953233957,14.68140572911521,22.329730707604643,-68.34502095982825,21.487605383836513
3050.512133538723,301.4365530884052,27.586450301466556,-35.5761209043868,25.48359590990893
3052.5123339146376,216.76573981929025,28.65731187536534,56.03850565879748,26.16942692318081
3053.5124337673187,104.28721996082056,24.302483883457178,-202.4263214290835,22.11941470958338
3054.512534290552,120.30708628064022,23.676632009281448,250.07629280547647,22.40911200044112
3055.512632802129,46.891370890465915,24.96921312137338,-60.80653208697169,23.252548524370077
3056.512733325362,95.67197534086093,26.083997630183866,-131.36561165214272,24.641773855225704
3057.5128331780434,174.9313002312212,25.656649306989785,-117.4225175329332,23.221951660921825
3058.5129330307245,19.05676151857819,22.200062335588303,-389.6155016665483,20.903943576843588
3059.513033553958,198.69672004053632,25.075961255300612,1.3460292847661852,23.505394535227307
3060.513133406639,222.26949594080753,26.925519696304463,-121.81616647881805,24.88878665722506
3061.5132339298725,234.65892778961003,22.81404717164203,217.96535841242667,21.679126786906725
3062.5133337825537,130.2413795167124,21.96429898435168,-18.161189182446428,20.95384880052642
3063.513434305787,199.15629885529955,23.046680143903274,-28.075979768706546,21.890568730330784
3070.5141339451075,348.3656154570169,22.95446271386859,-27.981106953943705,21.55909588193095
3071.5142337977886,31.987533309094644,27.076191006411914,-42.0047938071573,25.49548045834818
3072.514334321022,245.40818907955602,28.14940060076374,-19.939463287803267,26.173870969679623
3073.5144328325987,328.4467196059,27.869599689855175,-140.6616999168989,26.087520803983438
3074.514533355832,84.7745395157649,27.495985062046234,8.745703720567823,25.88473175243156
3075.7930659502745,299.85556669941786,27.87250342199463,-56.393742364971885,25.54087663546848
3076.7931658029556,144.8475074083202,26.841005420504793,224.09180076316764,25.66484537021893
3078.79336617887,272.76098620581433,25.600439961123335,-79.5237963186447,23.671935538128132
3079.7934667021036,226.9804366382945,27.24682378018054,-95.27438093573667,25.085988994722964
3080.7935652136803,190.47110717797614,26.608133706976197,-42.79347456199914,24.494973275454832
3081.7936650663614,227.6089742348618,27.260637806962187,-67.3898505617551,24.58129036821031
3082.7937669306993,260.21713075058886,29.994951056161696,-44.95918712590843,26.627755814390984
3083.793865442276,54.611336909430555,29.09724370992708,-58.4843963285905,26.279269818982122
3084.7939659655094,144.16517798304727,26.575004303152202,-92.61657930892763,24.222968125648077
3085.7940658181906,225.39458349363096,26.659292357901542,22.351390210688535,24.073249175804875
3091.7946669459343,222.0832552828813,26.447145897866886,40.3120382064733,24.69679531678982
3092.794765457511,171.51575230727667,25.903773558997507,108.38337779062705,24.290726531305342
3093.7948659807444,136.55641402900906,27.088461890433052,-1.522845156608257,25.06784192981187
3094.7949658334255,460.0304894868685,27.52080035066828,54.37442919664625,25.249918155809222
3095.795066356659,12.608033336530758,26.912384784306887,1.2695288794691981,24.955069389939673
3096.79516620934,127.55369884437084,28.904218099379356,96.79055189854323,26.255557089998938
3097.7952667325735,193.4477661268586,28.97517256960928,-37.26221828737626,25.789855949353424
3098.7953665852547,261.1481026344814,28.79778673184622,12.313758481426031,26.017187672048145
3099.7954650968313,107.43893144798703,28.049873732416643,-40.615062265514666,25.303401567316794
3101.90725274384,33.07921615818379,25.40779610595989,1.6563334647554377,24.470802349325893
3102.9073525965214,162.61090136305526,23.238920099323927,213.93231722134564,22.495210266720996
3103.907453119755,132.4828743042275,26.331126995386633,93.1341843311891,24.73076869291522
3117.9088523983955,149.53578053115163,24.422038761579227,134.711609623029,23.050185397525556
3122.909353002906,9.514951226078956,25.802540101167452,182.81815043067868,24.719170544459317
3123.9094535261393,257.8228668316098,26.672520593081632,-99.97526117193878,24.59447237668571
3124.909552037716,207.73656554371573,22.47933776447472,42.62465271727872,21.616131591338828
3130.071831420064,93.30232657739272,22.33726587288016,232.6982821748546,21.798541538823066
3131.071931272745,76.71358958834706,26.643922329159537,22.67922850648653,25.09538295045786
3132.072029784322,311.8388208551421,27.117465277246293,50.074690228124055,24.809268743431012
3133.072130307555,133.04009545723264,24.036722224257804,-66.44241403909102,22.266249514769463
3134.0722301602364,340.8430505942961,22.385865350619124,-21.283272676079953,21.188523745455424
3137.0725310593843,91.73547820824759,24.218569699180627,146.79959600357756,22.865413485579513
3149.073731303215,32.78744744587521,24.637573966244677,63.19713457246828,23.81130813856958
3150.0738298147917,94.4364674950857,24.992644572052562,-6.786678277705922,23.169096133446136
3151.073930338025,134.724993062252,25.008765559394465,-73.45358985627361,23.051669180938774
4230.850246176124,224.88857243570797,27.84492364774361,91.81261120843348,26.195535674479984
4231.850346699357,169.83914442653906,28.706352990264907,45.17677635594439,26.81648251989654
4232.850445210934,120.9370032722451,28.88401127325895,127.9845683043873,27.174933388029704
4233.850547075272,245.21717191882775,30.03827861082138,-37.85473762860203,27.318873893963442
4234.850646927953,196.84259065527073,29.56600008696239,134.4592124619662,27.44920697576431
4235.850745439529,115.93108797242652,29.380264506449674,52.30395406333844,27.24864104843223
4236.850845962763,261.9247626359884,29.589978800355816,99.58519997760905,27.360333715781515
4237.850945815444,290.16801584336827,30.006396757849387,11.975751140652156,27.166596443804938
4238.851046338677,352.7684673369091,30.196452465240085,13.692133147469507,27.406097028557596
4239.851146191359,259.4519305183554,29.820633697055403,29.486898610810215,27.204413694949988
4240.851246714592,326.74602218226903,30.449902643546306,-89.34683840707048,27.27477739929741
4241.851345226169,241.70337592980297,30.502077042430745,27.454724404318643,27.593517574546023
4242.851447090507,402.4416394955813,30.698878660494437,-49.468560245765524,27.447227413903494
4243.851546943188,314.128513954388,30.690742672117462,19.21353023853116,27.476438849057484
4244.851645454764,233.50415347270345,30.622507685190296,78.00008029803105,27.614119275026187
4245.851745977998,170.1891397041839,30.372832756019246,122.20553457417509,27.66175327661581
4246.851845830679,338.4059908341644,30.25857537678141,-41.051455171236206,26.940069046815832
4247.851946353912,369.0595784285609,29.79789406954197,87.03488920498846,27.016620633904214
4248.8520462065935,155.33617514561595,29.676645237347365,-35.639575853310966,26.588884583325008
4249.852146729827,196.70975646612388,29.663146046409107,23.068830717413753,26.76885646638769
4250.852245241404,419.6214901079427,30.66795596466433,-50.15785799921743,27.071452961181137
4251.8523471057415,308.0693045603794,30.596717026948284,41.191702328991106,27.364532748392737
4252.852446958423,82.62437117183426,29.411896128300807,53.59367476043004,26.86357057624675
4253.852545469999,240.14959392004343,30.612173719443412,-24.542581065710387,26.865577352690803
4254.852645993233,365.1203507259513,30.748842544047836,76.72591753074596,27.26827791595327
4257.2310834378,202.88596961325817,30.698250065773582,153.74099159209854,27.525193702600355
4259.2312824726105,158.98482217163163,29.605029955807044,115.39725069756346,27.825897644771658
4260.231384336948,228.68793208769276,30.005634760502776,-86.25738750515171,26.61675489598921
4261.231482848525,186.17128485272974,29.64398942017553,100.85215880790282,26.669411496845573
4263.23168322444,229.84719186489644,29.38570448078952,189.60789160396897,27.426587853878104
4265.231883600354,282.01743094665005,29.43075536659177,145.27767448092123,27.21675228006545
4266.231983453035,403.1034214952266,29.504773009916118,17.991885469599904,27.170316735879297
4267.232083976269,339.98957054184257,28.880434510240697,90.59391616687249,26.887356571323437
4268.232182487845,280.2560206935705,29.22618823536267,60.16639946022261,27.118888602363775
4269.232284352183,298.14875389668947,28.987323287036435,76.90336375082556,26.7587509742493
4271.232483386993,121.11748547559537,28.296276572015973,53.87806103418137,26.459203882110575
4273.232683762908,448.9234890609606,28.107494506404027,-34.780028447065746,25.779287726448615
4274.232783615589,192.86878618347222,27.840418269364093,-56.76813364780079,25.231199443524137
4277.23308250308,377.46065821917796,28.95733527317651,149.93595697125696,26.027190041586696
4278.233184367418,299.2926535301412,29.39310636368648,7.341793136395812,26.267667810087104
4279.233282878995,393.02121732865817,29.639366445727678,37.33545472180349,26.793714013137063
4280.233383402228,254.27158708707458,29.876667320438063,43.95659785657704,27.154803840738165
4281.2334832549095,299.53242559733167,29.803911484204313,97.63291211635713,26.69784615838237
4283.128632903099,327.3534576732335,30.096624575691084,41.93830568458437,27.165407947112815
4284.12873275578,374.94894269374566,29.841380685425413,-81.02507295387721,26.429404740399807
4285.128833279014,272.37105574058216,29.076112770814255,150.43456553986144,27.529850624322446
4286.128933131695,310.49807505367204,29.70661071460143,70.32021639010603,27.584310096296683
4287.129033654928,298.50425958690306,29.813318396367915,-74.55326246732832,27.581556619158906
4288.129133507609,429.7152158430553,29.64180110391804,46.31718270129246,27.640604199827898
4289.129232019186,223.40552501462057,29.14650947792572,76.02616350806659,27.472765701128786
4290.129333883524,232.83258755493108,29.810100906107365,16.24421809408751,27.80203700126102
4291.129432395101,251.76649769270222,30.028777622431544,100.16945610257851,28.042351298836298
4292.129532918334,232.31077270474668,29.714539774476712,-24.005292677017533,27.379474354940054
4293.129632771015,236.77806922613152,29.77268087912855,28.5905395770267,27.823794579198694
4294.129733294249,190.85342989624107,29.690853266010492,1.3258940774193324,27.57634673277278
4295.12983314693,135.81528221189498,29.7829331528836,-7.191924011324281,27.624458823470363
4296.129933670163,393.6536164689063,30.831939877655884,127.33873368760203,28.490628942460898
4297.130033522844,223.43508593783565,30.203069547524223,50.31051333085356,27.72982084946257
4298.130132034421,409.8816143665956,30.549863976281895,59.13543538124794,27.390931724056774
4299.130233898759,281.46032599521004,29.93463783315473,15.897025443684466,27.206260706168237
4300.1303324103355,478.91749429553295,30.976035951103714,5.270771226721909,27.62344406867578
4301.130432933569,173.87286098082376,30.44545698275205,107.42253007326774,27.73531996020184
4302.13053278625,298.0597936087058,30.3992612008464,135.78494172789846,27.465149287504357
4303.1306333094835,339.75606892190797,30.666096371620633,139.2269580081845,27.88785309206519
4304.130733162165,397.7331711707224,31.001783001130672,-7.270675569184452,27.57286953511929
4305.130833685398,394.15046484883135,30.693996742918486,118.8527111415282,27.426025591064864
4306.130933538079,509.6481425154578,30.390306159915685,60.156981743870794,26.879275015778415
4307.131032049656,372.4359964556489,30.93575870976834,11.886027286121221,27.166978079370388
4308.359579667449,208.20202987730462,30.01655369950754,-28.558606034508365,26.85991251852165
4309.359680190682,245.7308994667975,30.452768374910296,2.678665664807134,27.039759644957403
4310.359780043364,83.59642629910621,29.550962769807043,0.5180853835627187,27.62939274091213
4311.359880566597,127.39025093263979,29.502053488902224,55.5092827887112,27.42904303790422
4312.359980419278,261.1105876056309,29.786755681912947,-29.17867053234022,27.316009761778673
4314.360179454088,162.62464920190732,29.88180825567899,-3.9068542575067453,27.66920497363759
4315.360279306769,116.82096502625595,29.64572127553742,50.640929530260955,27.603240247498274
4316.360379830003,172.4338225377924,29.93149563472471,-133.33973638995315,27.297854346903957
4317.360479682684,227.212468356451,29.595686528205984,57.595794660106165,27.436372508175605
4318.360580205917,508.6206380505686,30.591750023993853,75.38856802697339,27.626549524169743
4320.36077991128,322.42028368789903,30.455921174495465,60.451290330234414,27.25521521919964
4321.360880434513,248.2053391854041,30.127908508733096,97.78474407890859,26.99071334308466
4323.361079469323,379.20468968350764,30.210104683337722,73.6684805470011,27.180403733530955
4324.361179322004,346.3717252371639,29.692406233495245,213.79805387366204,27.877766000492706
4326.361379697919,320.4876073964131,30.43762678964049,84.0696766418216,27.263129482177987
4327.361480221152,358.6353054056719,30.729175903958463,9.851977874167748,27.433577385760632
4329.361679926515,465.02290065321716,30.41407929715139,80.9051188977106,27.84828974225277
4330.361780449748,443.7283483267746,30.32613881858636,181.81949362298417,28.096498913412383
4332.361979484558,291.77000703266674,30.470194360758907,97.13833798630736,27.839332933834484
4339.839935302734,515.7884786608538,30.498969374532866,180.28425483996173,27.566862557657014
4340.8400351554155,608.05170634082,30.69836763095128,65.5007121500386,27.249594202914327
4341.840135678649,644.7027247295813,30.945426836119314,191.58130599097953,27.736778807153055
4342.84023553133,618.3705864147067,30.339959017874552,76.07604878231778,27.142232844894252
4343.8403360545635,477.65277330821226,30.406592742663737,-0.20619650887646107,27.26932009673827
4344.84043456614,389.66914643814846,30.804529569922998,112.48376087447987,27.30771100570276
4345.840535089374,425.7118701218803,30.292192829734677,-68.18954695057691,26.520773187973802
4346.840634942055,307.99495727335307,27.969136881825882,94.36957857458097,25.71449119759482
4347.840734794736,339.89601052614637,29.6684693727059,111.03034227700039,26.79411193507057
4354.8414351046085,436.72950114287966,30.18837809878744,-17.552671652973082,27.29900705916808
4355.84153495729,325.07532889825575,28.884466565816385,104.75299370250433,26.786445833564873
4356.841634809971,302.42409708029095,28.08648475368662,114.94330897364776,26.001984377348183
4357.841735333204,303.5802187844334,30.194959698644062,5.72541169584384,27.34304251694055
4358.841835185885,139.97606392909222,29.612296227429734,-50.15080928824651,26.994481414681392
4359.841935709119,261.059640629562,30.666970654683695,134.66162349061153,27.984229825098158
4360.8420355618,196.4229824034409,30.91987959867723,8.009813505970698,27.694856824474606
4361.842136085033,188.04411612308468,30.85609712651447,-89.00641584230742,27.719078033404056
4362.84223459661,369.18562969768743,31.249420831139986,132.67013200217963,28.11066401081598
4363.8423351198435,334.4300501720889,30.491146670232325,105.10215463500317,27.42135464008563
4365.137541666627,175.71991013868382,30.685776641965344,20.5000461855535,27.397510917481014
4366.137641519308,416.6158511142728,31.173530480543217,81.54037232253239,27.52698889478196
4367.137741371989,268.0309818768833,30.894164314130375,30.71337828798236,27.448295926548415
4369.137941747904,358.6390980742837,30.632473939380173,52.97843292641054,26.85052108290743
4370.138042271137,336.9012622467265,30.00693899082803,85.63111247315109,26.523266094846843
4371.138140782714,428.27122461150725,30.955171133893582,43.47303044105685,26.96377939297539
4372.138242647052,521.5005172416157,30.54545387671175,54.620893752205916,27.64305115372024
4373.1383411586285,259.1808350339726,30.912117671271957,20.215006351614868,27.22486823249976
4375.138541534543,394.79799907158946,30.483387421563055,0.8577454395055915,27.496594482539113
4376.138641387224,220.0776823151011,29.76378476038552,-2.1994085032345203,27.30704475433206
4377.138741910458,255.41925453258094,30.040452935049675,-85.70945306849697,27.07770581960182
4378.138841763139,155.1454183900271,29.594683930728998,86.42922343073548,27.408896527262414
4379.138942286372,206.5576963273149,28.60954004015952,1.215095288250181,26.4181764325408
4381.139142662287,315.5916893762969,30.595264941203457,146.53965165625763,27.671939010188755
4382.139241173863,198.64956956458843,29.67327190998474,30.361098469141414,26.65975546355127
4383.139341026545,180.08970644342313,29.756687455566485,79.16265361385679,26.92972191508408
4384.139441549778,176.68068120186265,28.975556607555585,114.92167209092946,26.725143173764963
4385.139541402459,182.07293848637394,28.85042428357823,-91.0381459379811,25.85778482415274
4387.139741778374,370.240230001677,27.82648636014606,-45.264997446284646,24.756497927093662
4388.139842301607,228.86852669642857,29.02519571758447,-76.98394649190104,26.73754472241509
4389.139940813184,181.72820361300242,29.03427632378168,56.68950747474827,26.72843660921677
4394.768072962761,-39.63923552998867,29.106915213667396,43.80686378288724,26.661591701325353
4395.768172815442,84.15717261369443,28.96878215894884,-25.462839502162605,26.260167162020636
4396.7682733386755,75.13405078508144,29.607359522937298,12.849382820783802,26.757181234971448
4397.768373191357,93.95758254174359,29.668473973385456,-47.60892562621796,26.467729987007118
4398.76847371459,190.32968893498395,30.032239068304957,-64.43494876237082,26.632830970566634
4399.768572226167,162.8158924926592,29.80204352924176,12.770462710663338,26.649830387063233
4400.768672078848,146.56280647571393,30.00141383637266,-68.93134973190551,26.53472948351162
4401.768772602081,217.11115285106197,30.256051280311347,38.542588312187775,26.919139258242176
4402.7688724547625,157.01275919921684,29.525990872172617,43.88972184766919,27.43335073887997
4403.768972977996,129.43084516143117,29.623113676521932,57.297584958917604,27.528230093100756
4404.769072830677,174.0323750345128,29.59613010514941,-48.3699830990248,27.22131555590755
4405.76917335391,40.36760123269276,29.33108261444613,-66.31899452987531,26.871472512964445
4406.769273206592,41.806256965739706,28.695814875399744,24.774023786337157,26.63396798287291
4407.769373729825,194.02630651273196,29.243474551194108,-48.02138750343374,26.62650959922045
4408.769472241402,132.02840049879552,29.69834315994872,-84.7889642813673,27.05266441023422
4409.769572094083,47.33962254545939,29.54477132870394,-54.03092040578536,27.020384497415506
4410.769673958421,-18.02784853373961,29.630424121901644,31.317057843197322,27.040442173671
4411.769772469997,15.846826093130701,29.57278325884459,-26.070624602306342,26.916153487014707
4412.769872993231,124.94445231002342,29.872297528291856,17.84750747909289,27.015028541810242
4413.769972845912,180.30771043345527,30.22677731720819,-4.982244087572018,26.92787588390096
4414.770073369145,167.9818534342353,29.79234910342708,77.2537116500824,26.964369865943652
4415.770173221827,61.95871302366515,29.297229120686616,118.99806906624886,26.872165292816877
4416.77027374506,-2.03136642660239,29.904605601505544,-34.129202984121875,26.776706482218817
4417.770372256637,66.71284282661999,29.139517437459396,31.489790235132972,26.953052684244035
4418.770472109318,19.779344280758487,29.26158414628129,-64.64746524032692,25.95952150780421
4421.748854666948,-1.0014348221420237,29.154049943513744,25.312075305828873,27.107342162739624
4423.749055042863,-37.22447097438744,28.992018996352403,-38.642281589309775,26.876349252314686
4424.749154895544,-42.096645289687274,29.351181008177566,56.86671939337999,27.118323296431537
4425.7492554187775,-163.1173563934778,28.914784901252197,-81.87513238021361,26.517265857240684
4426.749353930354,107.42894198138909,29.624213457444295,39.0834184135258,27.072009155223423
4427.7494544535875,-59.77198127366904,27.657336126190216,9.978780404322928,25.952496187106668
4429.74965415895,-2.917964497978076,29.694921892805226,-77.46583674128428,26.648612945508848
4430.749754682183,121.55116580978245,29.644173660745086,-12.434757251977576,26.497289459965348
4431.749854534864,54.43829029898648,28.483734872259703,93.10500326424977,26.255095644659246
4432.749955058098,-167.83400084688782,28.975435683843823,5.582129497038426,26.27215979893618
4433.750054910779,190.9473562714891,29.85425447926065,-77.9515066962789,27.408448298175298
4435.750253945589,56.51677684858839,28.61618926561925,12.573949823084298,26.662965629059972
4436.7503544688225,87.43689500371998,29.821274429364344,-48.34518877123351,27.201512519973754
4437.750454321504,142.56933841862414,30.03283529036055,47.35264265500469,27.3120051560301
4438.750554174185,-45.867341211591835,29.716398820908502,-21.45302158582603,27.26168256813453
4439.750654697418,-4.375746221205496,29.600332599923068,-79.40002427468873,27.009910081484534
4441.750855073333,6.859299218629114,29.86539827526487,16.170852099172574,27.242846935217884
4442.750954926014,128.68787354410205,30.34325887165331,12.56511467326911,27.47176809425093
4443.751055449247,-56.478440868183924,30.026341687507724,30.442274679499594,27.0730480750335
4444.751153960824,43.88819146528402,30.362828384888473,10.499855849015994,27.29811404375584
4445.751254484057,18.46773704395785,30.322450509945554,-14.687419089648442,27.381808896918354
4447.013131901622,151.8244603945434,30.276932125993994,-27.923064358212788,26.77162628098727
4448.013231754303,52.46325114999757,30.522292246378548,-22.69388588941927,27.03565008851177
4449.013332277536,68.57486076440497,29.785047493778674,71.2313080021903,26.61344417279426
4450.013432130218,147.7155085559051,29.347297213811146,-68.5215825800024,26.86373788506672
4451.013532653451,113.80976888264857,29.602450372896293,65.3360186542277,27.381058009508774
4452.013631165028,36.58113847892436,29.677496780388527,15.315947976269207,27.510970484302412
4453.013731688261,-48.10229737701813,29.471936822226596,12.659374955527277,27.29864063288463
4454.013831540942,39.65070393128565,30.04357736294819,-1.357775753502809,27.416851913664036
4455.013932064176,-63.401114721102466,30.084583508635262,-48.564174622744254,27.432436632671784
4456.014031916857,-46.57699083977807,29.87610586500051,-34.497510924485425,27.29191430693025
4457.014131769538,33.37484791377308,29.820630873577485,-89.41822555348935,26.829277770921212
4458.014232292771,123.95936456429285,30.05973335241705,75.35819603271416,27.202172923907366
4459.0143321454525,-57.718355918855686,29.658190137355763,2.732844377523954,26.846525095963226
4460.014432668686,-28.559525065268414,29.82779984553045,70.22980241409888,27.01795942510551
4461.014531180263,-61.46645974837769,30.054864364106002,49.277615289556145,27.118161550958206
4462.014631703496,-127.10649410279534,29.599353737577957,-103.55763475158021,26.46825716595782
4463.014731556177,64.08143696497581,30.056540764836928,-98.39647492131455,26.318681388012006
4464.014832079411,81.04322575035714,29.829269809337305,-80.26987403555066,26.278711111536172
4465.014931932092,19.35638729827816,28.91840974556803,-143.68729964354154,26.615578014668554
4466.015031784773,176.08850788787558,29.67361724781412,30.85917071289069,27.316892361349943
4467.015132308006,69.36770176759077,29.530733941690794,-4.794888306376042,27.063357798412653
4468.015232160687,-34.61862137384062,29.669613856515394,-40.97581018561409,27.144259169488357
4469.015332683921,-18.745911073025074,29.370474355618384,61.47444258016539,27.189519851761613
4470.0154311954975,-66.65640955514583,29.99106475554118,-94.43356423561163,27.279311839089942
4471.015531718731,-24.257922358728006,29.50447496072769,-102.7969884942879,26.619193833225697
4472.277409136295,-80.11894703148566,29.9236429601578,-73.89169650197213,27.19458330220164
4473.277509659529,-46.825599933925744,29.66251204290682,17.107259018771547,27.196239995807723
4474.27760951221,-147.5704188857871,29.964906285235582,-46.9520609077791,27.154296283405174
4475.277709364891,35.42929716741454,29.80822626255899,39.96608788328284,27.089650589785894
4476.2778098881245,-21.022765548446774,29.95523868723713,64.6650326560952,27.098187529869605
4478.2780089229345,-25.05920476322913,29.70055238515219,-132.1817861964134,26.455160900679562
4479.278108775616,72.54468264670028,28.784276799433282,-119.20614269358704,26.474100560232834
4480.278209298849,35.9402710369031,28.510908410705575,15.735065247126473,25.4975916432166
4481.27830915153,-109.10634402480869,26.1379627744883,21.240605130443388,23.802658235921516
4482.278409674764,24.496704050916932,29.03294437056625,-69.6407412063786,26.64981220141789
4484.278609380126,39.34556627362751,29.307017319202387,-99.61351618259727,26.61441965981013
4485.278709903359,190.28217786633343,29.731972844161056,-77.09897552849671,26.90084952470048
4486.278808414936,53.28752536350025,29.266042842619253,-51.3868530210778,26.638402851991724
4487.2789089381695,-53.44343462272332,29.176532642125533,-45.65665677554851,26.666337561422885
4488.279008790851,-43.19704788786295,29.165119680623746,19.42865052692843,26.830953293894336
4513.60994964838,98.38587604416192,25.80555930751048,10.368706908992438,24.025684248148462
4514.610048159957,-91.6763711729028,25.898783807344024,123.03230393440325,25.018421635909945
4515.61014868319,88.11852477328311,26.308595436751244,121.78305682531713,24.115116231843597
4516.6102485358715,76.8259766214006,25.519031138267593,140.51395785666986,24.709321436326427
4517.610348388553,-196.58834300703114,26.47564029442208,-213.07405607057075,24.906066514869817
4518.610448911786,-30.374384451609735,27.425769015867896,24.641783170805976,25.6708458663306
4519.610548764467,-9.875863109858072,28.074926555000758,11.462588599495508,26.140988930964017
4520.610649287701,-62.73032579508965,26.7814243504542,-233.78073691340106,24.782683550959675
4521.610747799277,-19.90455847280672,26.68841456599245,126.09783457285783,25.259254251412422
4524.2058339715,29.33475414323489,27.35374854867712,-121.4919315617895,24.77769251751387
4525.205933824182,54.73736316159897,27.83486663437834,50.922988731492445,25.819217993244763
4526.206034347415,62.34388817524967,27.264160009349258,102.85879288848388,25.2093575628641
4528.2062347233295,-85.38381899326204,28.064753180682448,17.44693989998128,25.859316737486637
4529.206333234906,151.1786927553805,28.632034321666946,-38.949263938750256,25.71393262477615
4530.206433087587,135.459452551027,27.872823721788922,-17.40710008267272,25.31911830572578
4532.206633463502,65.88099723894548,27.503855488378477,-27.84590150801773,25.71295938450879
4534.2068338394165,-43.36934720973388,28.23804938950439,-116.90286455723763,25.251627860750965
4535.20693436265,-41.88239000859185,27.38075907347711,-92.08222643423011,25.798961342060398
4536.207034215331,-58.52995001259372,27.313030401379148,-100.18043393437594,25.632676777717837
4537.2071347385645,-152.99012366500116,27.74980282095003,-44.88793269420991,26.31853206743432
4538.207234591246,41.49059033858098,27.393257466872388,-238.8343971819834,25.483731746847113
4540.20743496716,22.180996601308784,27.61428890581587,60.871186242528694,26.182807076759097
4541.207533478737,24.416235892115747,27.073838780367275,26.42363624081937,25.237667703290565
4542.20763400197,111.78342008021362,26.96305091172903,92.24203271144266,25.285765562983435
4543.207733854651,-52.88626165609181,26.994556522308148,-38.835297385940585,25.285508600535294
4544.207834377885,208.8643525736671,28.151161696987376,-121.80680602081554,25.508153010327703
4546.208034753799,95.42695806987216,27.881979163456887,-106.28936823601826,25.55216246043779
4548.208233118057,91.61954761572038,27.65417787440448,-37.69461311680336,25.795146077867027
4549.453445971012,31.8980400532563,27.26165596929071,145.64296178898306,25.550461786190144
4550.453545823693,61.230023979786395,27.543118078796983,91.24666842223844,25.84684481433731
4551.453646346927,-226.4974659147288,27.384854727376414,-42.38478382335535,25.18120617022495
4552.453746199608,38.8416895639242,27.670326512854693,-6.932259968734093,25.5075111755375
4553.453846722841,-25.114440103820026,27.937989126043934,783.3830137420853,26.84710088043619
4554.453945234418,-64.4962267295436,27.731155663212547,-18.33893091159085,25.52531306628833
4555.454045757651,-22.237215657800764,27.906667989723182,-21.033720747128818,25.474713855021555
4556.4541456103325,90.77467902795121,27.779374968655368,3.7473588067920685,25.43969651299005
4557.454246133566,-124.59923964330169,26.424838615410298,-106.97617014766983,25.212651259470242
4558.454345986247,-234.51002748609676,27.03680232293544,-41.57485885941071,25.689977178471025
4559.454445838928,-83.20264821969795,27.32218424489304,-129.9709784775478,24.879646335316636
4560.454546362162,73.7170628979926,28.069024765492372,-142.17610902935292,25.258413986413778
4561.454646214843,-54.34199239960223,27.027980363838484,-145.86314179605216,25.310979288236897
4562.454746738076,53.685359978223794,27.440473858783093,-9.314368213817916,25.64990936725009
4563.454845249653,-62.3329998783052,24.319297259608188,22.71884456668877,22.70667227616413
4564.454945772886,-89.87119624453898,23.807732725986696,-34.18339130603728,22.619545330694535
4575.767820104957,124.61759695062966,25.04411950993716,113.32657269091271,23.556085468721278
4576.76792062819,-246.8594197066303,23.179772280159646,-55.04152600211427,22.310421289234228
4585.768820643425,94.85589710213799,26.538509892647614,16.96236098277192,24.46726366701695
4587.76902101934,-26.027415735585592,26.781581239922076,-32.48903027615492,24.718592033352234
4588.769120872021,-117.46908834767552,26.526430815284915,0.6719523236871358,25.29899835345996
4589.769219383597,31.774308052775854,26.15577426970075,-68.05505366082153,24.69305848799798
4590.769321247935,122.49853951600646,24.573386389636617,14.3458586013565,23.874839695182747
4591.769419759512,140.89686602960194,25.37833808083014,-1.7286915213310712,24.285242585387206
4593.7696201354265,-54.941763672621335,26.209020926054684,-293.1485850178324,24.570556268522772
4594.76972065866,-0.45497764383236405,26.94457575857067,64.86362684886613,25.396527835385907
4595.769820511341,-17.39302627934688,26.776305179324808,-7.811314292452726,25.264029397344714
4596.7699210345745,-63.99350182997982,26.051384730483633,-150.07585383022771,24.658211846773437
4597.770020887256,-76.88079527558364,26.31595029014388,-179.84511049638638,24.82230658139798
5813.380022272468,-164.6333744735811,23.14421264098192,-315.04256530586196,23.228561019221296
5816.380321159959,-812.5085208698911,25.33158921520223,-284.91091809672423,25.26758040251735
5818.380521535873,-497.84876306784497,26.030707171322536,-117.41837528075536,25.820089821707164
5821.611450836062,-774.6377703130402,26.447059883600698,-225.25785758888549,25.760077798390505
5822.6115527004,-590.929449898862,26.111433509791727,-287.3141382457314,25.572294532111684
5823.611651211977,-560.523232780046,25.81662859740257,-363.68618652467916,24.81206088571743
5824.61175173521,-661.9734257392952,25.683475342153834,-313.8930691808984,24.648876215889302
5827.612051963806,-453.27083536048667,25.20719256107458,-204.82955660405554,25.37427739122232
5828.612151816487,-528.7505136406061,26.047024015086084,-203.52374756650153,24.839357940291332
5829.612252339721,-691.8608824338236,25.564920330154695,-226.44435421336598,24.672134756416387
5831.612452715635,-434.01058554548086,26.494422905186955,-170.62309547797233,26.10925721605885
5833.612651750445,-714.3357946878085,26.063991071046935,-244.8956113647744,25.99286319779095
5838.613152354956,-523.3051489387279,26.502479683397198,-201.5270410236425,25.80963037239059
5839.613250866532,-635.1724521839334,26.368262202749303,-394.4183893420816,25.351323490920088
5841.613451242447,-691.5424017416725,26.286075872377086,-281.4616320498931,25.40578332969676
5843.6136516183615,-825.8404813846215,25.28310783468591,-314.4275254020771,25.50540440675656
5846.844412609935,-682.9958073088903,24.651088507560747,-347.6023620848404,24.69381752706708
5855.84531262517,-562.5695335447977,23.762995871805387,-366.72383557172986,24.347540399461774
5885.545034855604,-675.5809918797581,21.51389754106369,-469.08023186727314,21.59185020257168
5889.545433595777,-308.7588670243996,23.441031634924226,-349.4763284852688,23.2400189358074
5890.54553411901,-510.4959217670205,24.063510078474177,-194.88200077623867,23.970895969250684
5891.545633971691,-886.0093322361985,24.56003899925204,-308.39330647674785,23.86828703998799
5895.546033382416,-625.0682262749626,23.65824982327653,-241.99257773183152,23.453203886849657
5897.54623375833,-408.52241213717946,24.247014470599478,-139.16370575435482,23.77480187631631
5903.1600999087095,-655.8106304239968,21.9103983856785,-339.00669774332414,22.209709810252278
5909.1606990247965,-573.0996438654372,22.463652042574566,-264.12518650442223,22.56249213114932
5910.160800889134,-582.0726891324115,23.161807957342525,-396.9327077930189,22.464515216621393
5911.160899400711,-762.0935822419849,22.550995899175057,-413.4529317229916,22.91552435422242
5912.1609999239445,-573.1929835593698,22.182085859909677,-464.9328010885215,22.3163103696927
5913.161099776626,-646.4389291720232,22.485880048546544,-377.4690915411642,22.687280755318
5914.161199629307,-572.3653576530953,22.960966106737782,-591.733773623084,22.81151424054774
5915.16130015254,-617.6992148594968,23.916432438476626,-340.21922662870026,24.089855334455713
5916.161400005221,-468.8399646585893,23.29793287344139,-399.6065082120122,23.76319591084365
5917.161500528455,-546.6864405188065,22.30637069605125,-586.4030693583143,22.258710594970545
5918.161599040031,-509.96238254712574,23.462828447568686,-483.7614933081158,23.297355088448946
5919.161700904369,-729.447564981654,23.968040221830908,-330.6569425877085,23.79423028824614
5920.161799415946,-822.2313449245996,23.24670327077353,-293.4359208900993,23.468881900738175
5921.161899268627,-637.3544177151962,23.678375060318505,-237.59288774638364,24.115788320284587
5922.161999791861,-712.8447240013411,23.765660949487664,-427.9841918350365,23.634160647494856
5923.162099644542,-742.651190098585,23.303963916095682,-369.76652179801437,23.65101972206698
5924.162200167775,-692.1643279360593,23.082749741806765,-164.76635775198974,23.580317606297534
5925.162300020456,-651.6901348808058,23.50662481539995,-436.49294604984084,23.81644124319104
5926.16240054369,-746.5599666330158,23.995872583627325,-314.24849202416016,23.926195281602315
5927.162499055266,-591.7810694621569,23.623208225833665,-361.12987693679037,24.066696096994214
5928.2263972610235,-687.449688821912,24.3362407008797,-279.58241593889164,23.762228103831326
5929.226497113705,-675.1776967007333,23.43844651895169,-362.9812896796398,22.90818048341881
5930.226597636938,-551.4632129394786,24.0801803832282,-418.1908574989363,23.47229054277482
5931.226697489619,-960.257876569947,24.591063640964375,-304.04306404386125,23.964063852557725
5932.2267973423,-924.6830817152635,24.46115797671904,-373.11454272026197,23.939889370382296
5933.226897865534,-555.9297720468513,22.965005021157083,-449.80807651780424,23.50988843107684
5934.2269963771105,-1055.423964521913,24.324270394785593,-400.10778910145075,24.839324479199558
5935.227098241448,-833.3011924921575,24.513329558101166,-298.7902286231709,24.84955675156022
5936.227196753025,-846.5561187144006,24.933530573083182,-225.70955065512342,25.250575124342834
5937.2272972762585,-904.081831643636,24.982867476564532,-270.6703648273067,25.226291271252055
5938.22739712894,-800.3823518773166,23.91916859230313,-338.51299821828735,24.070732880738294
5939.227497652173,-389.43922283319296,23.202450992156855,-327.7953366735023,23.061286239706554
5940.227597504854,-1021.3992481857805,24.745607491701012,-561.1985151756707,24.30241057213964
5941.227697357535,-693.2385711728344,24.27281501926032,-168.84443241247146,23.97429762590404
5942.227797880769,-689.2050080087266,24.303108274094633,-262.52954635737876,23.74801713528273
5943.227896392345,-861.1369609316794,24.659762246222503,-262.1916584905071,24.160591058743908
5944.227998256683,-686.9572979347836,25.817560127196558,-235.94637311912732,24.892598882124663
5945.22809676826,-944.5639397680894,25.117515457958888,-257.8900198777099,25.189121602113776
5946.228197291493,-687.5328619979009,24.533772173898214,-179.20811203130285,24.42797505350739
5947.228297144175,-836.2218023282518,24.808377790192864,-434.2373585127124,24.445366591762863
5948.228397667408,-863.579774209319,25.148423075972374,-240.4031780696639,24.397896221379572
5949.228497520089,-944.4487357510219,25.306444758422256,-340.84647331125285,25.26494466560927
5950.22859737277,-807.8973973463598,25.362581102287596,-281.6249263726823,24.43983235420515
5953.392749726772,-604.9065227498421,22.88225532278263,-424.27941214580784,22.91248662234552
5954.392850250006,-809.3265428779911,25.154205776247277,-282.1755872095159,24.744938679199308
5955.392948761582,-594.0962031219668,24.13725440442814,-458.9822840529226,23.864436532757132
5956.39305062592,-818.6165051404397,25.286535275621798,-393.72104692923415,24.822091655767135
5957.393149137497,-828.025508028849,25.48092717072969,-327.30944161392983,25.278514838377482
5958.39324966073,-921.7078685400083,24.985016909701365,-218.56976125453377,25.012197112823255
5959.3933495134115,-884.6201845830732,25.02492099419827,-198.83879437929298,24.91186459903319
5960.393449366093,-781.88088435208,25.85879239926367,-214.03972025787132,25.333272039923525
5961.393549889326,-825.346004188651,25.459180750061748,-173.60622592620552,25.158403693616787
5962.393649742007,-628.9091731803765,23.714333296643805,-384.47401123098786,23.34542624003045
5963.393750265241,-627.1109669091288,24.434140350313463,-181.6785093569843,24.230848207608513
5966.394049152732,-569.7785480670817,23.959831999866655,-438.3322049894581,23.84673323773448
5967.394149675965,-321.7055259064461,22.034196520633444,-425.66896746450226,21.37733402463639
5968.3942495286465,-540.7417046864574,22.23806243850663,-393.2378381154187,21.627527628466662
5969.394349381328,-498.9077605270527,23.39294889494921,-595.1758256945467,23.00310129393301
5970.394449904561,-714.0916035535093,23.677334560171484,-313.3311056643767,23.12526417620666
5971.394549757242,-469.33711592445945,23.745278991019397,-221.82315911295612,23.305849239623466
5972.394650280476,-578.7834054557793,23.74900355142263,-244.64391033232323,23.470011397489653
5973.394748792052,-398.6369930140124,22.90178170074739,-415.30359523996555,22.619906113199985
5974.39485065639,-565.8608223655692,22.95060847921823,-274.62025355688024,22.994901654963883
5975.394949167967,-520.108717794415,23.82855006115992,-305.0821433578387,22.939562685724514
5976.395049020648,-623.6847133805667,23.003884852864296,-374.7640293933801,22.80693928160242
5977.395149543881,-397.02712627694774,22.936567280350385,-341.9082625049158,22.164590001613433
5978.592421934009,-649.761559768572,22.767324553832495,-224.14593193200452,22.403526923626867
5979.59252178669,-563.7250191445933,22.381651195816847,-231.81273287690755,21.93666875397844
5980.592622309923,-684.2347236742207,21.789420838404443,-371.02977159913513,22.205259475691697
5981.592722162604,-658.5920741543374,21.94632730112913,-407.661145910971,21.961972015387758
5982.5928220152855,-497.261965341728,21.94264080314388,-355.78734959063365,22.293481534117916
5987.593321949244,-525.4266499095979,23.126371549105873,-266.7911523089089,23.105474895414666
5988.593421801925,-539.342500141909,24.163425994618333,-377.3255364698618,23.49173832068382
5989.593522325158,-529.4622127593718,23.308477196699517,-376.32757136353484,23.216469389744756
5990.593622177839,-600.7394120774878,24.09993657506162,-394.5942310829826,23.655015773267934
5991.59372203052,-736.9499557545204,23.760356207900255,-190.00280414542027,23.33793613321109
5992.593822553754,-603.469275310898,23.629892584089916,-277.9440358030963,23.422692053346953
5993.5939210653305,-562.0758731203626,21.926054636937483,-531.5710871024155,21.56538355578612
5994.594022929668,-680.4300386087731,23.16145932268845,-191.85428087333247,22.985222132999567
5995.594121441245,-492.80762425599863,22.183876114640288,-335.44389394961917,22.16371484389526
5996.5942219644785,-734.4609087379945,22.36165875494063,-347.52442037990676,22.338412669084807
5997.59432181716,-498.1312275892223,23.266497421265314,-304.2838560570852,22.66758853532745
5998.594421669841,-636.2726506949386,22.91842495507822,-311.56614092643457,22.86305886454296
5999.594522193074,-643.8387731283235,22.65731665463878,-401.4493415029037,22.885882964788244
6000.594622045755,-511.7258622955978,22.321216925699513,-380.7752230849852,22.49755165008127
6001.594722568989,-641.8047356620242,22.64631262336296,-324.3089272703698,22.184222557127693
6002.594821080565,-732.442536701091,22.37732696337854,-330.6056520029968,22.4460851801095
6007.375704422593,-709.4824246981655,22.149460406762536,-348.6659396310742,21.664902446307625
6008.3758049458265,-579.3819441887254,23.845429390519467,-267.92192750849375,22.7645318177694
6009.375903457403,-736.9504995861936,22.665757677014355,-243.2752612430259,22.866150838363115
6010.376003980637,-650.0207053593218,23.276037355917428,-381.07708771664414,22.896572250754783
6011.376103833318,-492.20777633480185,22.673404181722702,-375.76749105358556,22.915542266021344
6012.376204356551,-605.217611779531,23.633852374263153,-378.5405956252561,22.602368780114908
6013.376304209232,-460.31799610697965,22.326623687390008,-447.91768377503615,22.11097338402343
6014.3764040619135,-640.5448655797982,22.37483718151512,-193.64386567157723,22.030000415129287
6015.376504585147,-860.6853807799811,22.585921133593533,-500.1501846796578,22.222010709275384
6016.376604437828,-635.8173814203226,22.9936789299632,-328.0868651659233,22.844379322947304
6017.3767049610615,-553.6845116714218,22.80706638168555,-394.42279580821315,22.615391292951344
6018.376803472638,-635.82386793563,21.94693273445995,-254.10407558884646,22.25542254074612
6019.3769039958715,-538.4813172993639,22.775602555242862,-180.89233544618577,22.637185374578937
6020.377003848553,-631.6746747137477,23.22433027588982,-147.34084723929683,22.88531202346269
6021.377104371786,-578.2919245893509,23.44552127800882,-322.5462408337015,22.807325160816184
6022.377204224467,-534.7572640334739,23.49882707181979,-325.503281121531,22.775055572202817
6023.377304077148,-563.765490785577,23.142015008280794,-445.8036458141539,22.790681407443703
6024.377404600382,-499.2997057713351,23.245501126214844,-295.4139959999322,22.84129129896728
6025.377504453063,-721.7501293104582,22.803659479878476,-199.85465002622146,22.531621532294427
6026.377604976296,-630.1846468439195,23.947797529102658,-141.45749604654233,23.41460224518043
6027.377703487873,-781.0862109792921,23.415038125447932,-192.65436287473287,22.874056842984807
6028.3778040111065,-613.5164324652734,23.426431289898577,-271.7342857332997,23.360724525188317
7052.3326697945595,-319.30196109091725,28.50866595199906,-147.81386281020244,27.68627201049374
7053.332769647241,-452.42315128302266,28.087378128989524,-167.13050600840822,27.19894358503373
7054.332870170474,-454.25923743437846,27.654013575066017,-29.52072353631632,26.86486583711694
7055.332970023155,-308.8576532376314,27.89651390821951,-99.49582712500414,26.238904781967136
7056.333070546389,-285.5353355748838,26.97299174304208,-55.79798525178142,26.429692875852016
7057.333169057965,-358.9503096024553,27.063959816650712,-9.987081654932773,25.64451038099928
7058.333270922303,-398.14156417757357,26.57056078185766,95.76810826452409,26.168785537686674
7059.333370774984,-358.05123705951866,26.637929185119493,-113.91847898757446,25.706510967510273
7060.333469286561,-386.75205834843985,26.27595386133016,-145.6317098035117,25.291510657660545
7061.333569809794,-345.308711292339,26.207253099190062,-109.36949646866259,25.10963194765133
7062.333669662476,-345.0991620045428,26.171905640694405,49.92710443358416,25.3126769587002
7063.333770185709,-347.01325111618013,26.152667183129882,-137.98447193707966,25.05989174187215
7064.33387003839,-345.6796039073294,26.425299567097394,-95.59965270515194,24.93090570997553
7065.333970561624,-300.68367519186125,26.043017782692935,-288.1657374172348,24.677972942932733
7066.3340690732,-296.544911477514,25.493183594743805,-141.0740711592714,24.509457662665557
7067.334170937538,-145.9307344843394,26.170758755493427,-154.40952601834695,24.313875615447863
7068.334270790219,-363.25318615222716,25.23868280870331,-158.3145163420017,24.23034830099985
7069.334369301796,-121.52776585005682,25.620575851692674,49.489045927525055,24.765765166223403
7070.334469825029,-406.81819547655823,25.34915436520589,-6.399981230289692,24.194486032675517
7073.763770610094,-313.29240146857984,26.078212984453543,-231.1077708076033,24.37360459147252
7074.763870462775,-256.1083400594338,26.127234239630646,56.563787582270045,24.610162559697738
7075.763970986009,-338.4661244407682,26.027072397000865,-179.59529620953015,24.526657282438386
7077.764171361923,-364.61356798747516,26.350137623389905,-152.9663455806425,25.163768188475892
7078.7642698735,-435.6857586653555,26.17483292904459,-4.489298793491944,25.078874727981695
7079.764370396733,-507.67787992051143,25.436435497059975,-36.10869752617372,24.689251145787832
7080.764470249414,-539.8950546997313,26.232754098385715,-66.98276358339035,24.79462661143312
7081.764570772648,-533.2528277144897,26.0132025183755,-200.06219243534255,24.814783823567037
7082.764670625329,-399.02362374619827,25.97032982701785,-96.5687348608767,24.726133905800268
7083.76477047801,-466.66745943919483,26.115578523961556,-205.12131249247622,24.28059754422446
7084.764871001244,-436.8476014941609,26.239122657960447,-130.68663222371666,24.347712950796993
7085.764970853925,-574.6735618881245,25.678648073806155,-269.10906853205483,24.884333283704862
7086.765071377158,-563.9045812238364,25.84652825325463,-251.69196802191385,25.016575262121847
7087.765169888735,-433.908530653962,25.996154503862776,-86.4153043665322,24.97647956230509
7088.765270411968,-634.7867744411839,25.885210664422104,-80.1495465682461,25.09821585485835
7089.765370264649,-660.3819796722925,25.393165217114216,-231.18769783618325,24.388341424092747
7090.765470787883,-592.3472461110559,25.530489785918885,-28.83043970218973,24.719714022181606
7091.765570640564,-534.969687387199,25.835211140225514,-160.32780188769524,24.272934399746575
7092.765670493245,-531.0423806209064,26.051526629615292,-57.730457324501394,24.776139008012372
7093.7657710164785,-403.1762186434971,26.306685845955,-249.92719094293898,24.472842477982113
7094.76587086916,-616.9421981488107,26.15645395038733,-61.97756436261685,24.850147231759575
7095.765971392393,-669.7685752194645,25.9009445106647,-264.22730937671,24.37994956223977
7096.76606990397,-675.2041918666241,25.62733991804248,-117.15447081986687,24.375702008259296
7097.766170427203,-576.108236898011,25.77260571937248,-138.2086602804448,24.83160002816283
7099.0622621029615,-491.8137539506635,25.12240432227956,11.389884164935394,24.66505869989475
7100.062362626195,-414.74375944846275,25.497650126142453,-195.36629991249072,24.234307000932823
7101.062461137772,-670.0054836291955,25.33856036209896,8.568700980416692,24.96457558436286
7102.0625630021095,-540.1866194132725,25.580740465956445,-135.05445723375502,24.770341681561636
7103.062661513686,-553.7275205608465,25.66727263055529,25.21499289679595,24.892142239666715
7104.062761366367,-435.37577149631255,25.641176805713705,-2.447288968226493,24.776732993476383
7105.062861889601,-490.29218576106865,26.20189909046404,-75.65086425069317,25.00571401274445
7106.062961742282,-399.21482772847685,25.974439543816086,-159.0774074625163,24.554182126734748
7107.063062265515,-397.92601514449836,26.49597373489081,-173.72573662103645,24.39242388827828
7108.0631621181965,-390.26172341753056,26.431768646582796,-80.52617686321976,24.765200419546016
7109.06326264143,-442.6276574344622,25.98910675337698,-70.66107602041345,25.151411292321182
7110.063361153007,-554.9210236507121,26.179745946815373,-71.43832680665957,25.389507866150744
7111.0634630173445,-678.0369499029423,25.750617019363734,-148.6711058152245,25.096594658353943
7112.063561528921,-418.570112717064,26.24517278269235,-148.99094940513007,24.95134076993884
7113.063661381602,-511.1605420397976,26.6314680367827,-54.09635690142927,25.4382650289539
7114.063761904836,-502.9540989551108,26.85181909467965,-218.7612367117319,25.125057030077553
7115.063861757517,-573.6013098845988,27.050312769765625,-80.86846951999965,25.49588980105989
7116.06396228075,-486.23606944861467,27.365847934560488,-216.22139528469543,25.65983018351283
7117.064062133431,-473.87955622480024,27.081905420850777,-77.91953967808205,25.526909289884866
7118.064162656665,-599.5687192950257,27.434966913771294,-37.78587074886162,25.98089546877262
7119.0642611682415,-734.9942713107533,27.289755087720927,-123.73764588815511,25.650959926475156
7120.064363032579,-546.5130564024724,27.634390576055196,-153.42052359537394,25.475131835189934
7121.064461544156,-669.7058852487706,26.599017108379712,-147.41244683070815,25.871768103591315
7122.064561396837,-653.2210271205394,27.270869561751873,-128.9764279983835,25.287324789883257
7123.064661920071,-500.15180180420407,26.642490839078786,-66.17240207518536,25.682020424878615
7124.2107651382685,-656.0427403853365,27.04609536884177,-123.74090188498502,25.953163411101336
7125.21086499095,-567.0377205045196,27.33810242035686,-193.37776636453899,25.564317929168887
7126.210965514183,-628.9685384830701,27.08526574429435,20.77899459704232,26.350139362396675
7131.211466118693,-521.6234088714871,27.80989813090069,-51.493213512636274,25.911235853463413
7132.21156463027,-454.9246410159693,27.86910824510196,-95.98893651337323,25.73320486878526
7138.212164416909,-304.2392514470886,28.145880713557748,64.46027706435817,26.133548899253746
7139.21226426959,-355.0248011256199,28.384093946024404,-12.331503794524513,26.387656226951098
7141.212464645505,-294.4593439288651,27.85392616694652,-152.96779775275513,26.27436669558909
7144.212765544653,-245.02446232018505,27.15287936852183,-170.0642975285517,25.655676095867594
7147.213064432144,-445.7106491032794,27.48399113294848,-4.313556895765451,25.609172722282715
7148.213164284825,-340.9369946775262,27.64202437049226,-104.85898736709535,25.368912201196068
7149.37593139708,-500.5189602629862,27.238846762879817,-112.83609849649413,25.801663856772272
7150.376031920314,-435.71177680406674,27.649186581429493,-52.941629667272636,26.274164999488303
7151.376131772995,-305.499743116162,28.244162595990073,-213.856214392981,26.470886940703
7152.376231625676,-327.3674703853459,28.5772898809398,-232.7878714508421,26.32554374855757
7153.37633214891,-268.14376993469193,28.605587221424535,0.7766921788756593,26.900732199254502
7162.3772321641445,-542.3284845034135,28.480187484934604,-84.42285765290356,26.697105697657374
7170.378031656146,-366.264097537151,28.558613805521855,-21.91557237804256,26.2749598398527
7180.641693547368,-454.44820576273474,27.597033292206444,-111.19878549531342,26.40514091870768
7181.641795411706,-517.5713261535498,28.158037759245147,-174.97043311598412,26.382222356097078
7184.642094299197,-498.32583343740475,29.793327026613074,-27.674167628748943,26.243136092009138
7192.642894461751,-411.19823942172843,27.76548113286978,-162.7919463276349,26.388840022306145
7195.643194690347,-485.2686098977501,28.259806326188457,-64.68410312464944,26.089439811766756
7203.806501179934,-481.0011698641086,27.46622366949204,-102.74901925495607,25.557919322414605
7217.807901129127,-386.2376280798099,27.268547289192032,-218.2299181976563,24.968326766255345
7220.808201357722,-365.4555330177168,27.440891269621048,-162.2060057375295,25.410278787657877
7275.588910058141,-318.19265710960883,27.957297952811565,-224.96177414403502,25.410252825655938
7281.668850928545,-366.4257627095255,26.549824632667313,-131.37697380611777,25.613996222557947
7282.668950781226,-579.3773199240285,26.295502288125622,-209.89794525762414,25.655953736353432
7287.669452056289,-531.9019037739417,25.60290531138854,-200.4479508106426,24.44148575948107
7288.66955190897,-356.4518268389832,26.107925094900818,-66.57066459876734,25.005718278925254
7289.669652432203,-463.10753954974314,25.60362868215108,-46.55862361863217,24.936512558244694
7290.66975094378,-345.0986476924348,26.45617056104445,-146.07700677284146,24.9143000907451
7303.533417508006,-299.3669259067281,27.2968906482606,38.68270661918386,25.784843296981116
7308.533917441964,-264.9497924457325,26.824114769446496,-75.90560631371869,25.025945349162047
7309.534017294645,-308.04081207222646,27.622188265463517,-26.643696795118508,25.616961581180416
7310.534117817879,-354.70967574402334,26.944575191219602,-131.6564769001444,24.91406798068715
7313.5344180464745,-411.7684501868746,26.28249852247079,-127.9365123378916,25.364544009284177
7314.534516558051,-247.8140954041349,26.548529452204413,-77.68795479347428,25.661634041013482
7315.534618422389,-156.3866131666761,26.99727874315671,-3.192129281552117,25.856964189009357
7316.534716933966,-218.00294979288375,27.40696981610903,-34.668285295578556,26.2122087307618
7317.534817457199,-187.57569523311813,26.511578672777,-210.25589345186737,24.89749908391712
7318.53491730988,-339.6686109422738,27.07216085423466,-65.15559117162331,25.792264978498594
7319.535017833114,-418.5859394911189,27.00255098051987,-31.236181350258335,25.717930823718564
7320.535117685795,-203.52260766019535,26.658232425386267,-55.9444488447223,25.2782311630047
7321.535217538476,-279.92852705414504,26.520452106128296,-65.26041283135724,24.717870087868544
7322.535318061709,-332.58261278740383,25.859172698175048,-90.58473745889384,24.637716439115902
7323.535416573286,-517.630086593086,26.970223216208087,-85.02356245317915,25.254037296247827
7324.535518437624,-404.29309675278284,26.903436001378783,-78.72354404879249,25.268394045937985
7325.535616949201,-429.82315439814965,26.566105751427475,-48.941985126644255,25.146633454674724
7326.535717472434,-455.5796321221339,26.725912205029967,-64.07649271380741,25.062669748928304
7327.535817325115,-519.1617622140558,26.957777216902297,-2.194030975392149,25.288219165639337
7346.817045807838,-340.6014496525678,26.51412657796803,-84.25346831651267,25.576631707734293
7355.047177523375,-330.16886095108407,27.016700842847687,-125.29390258411655,25.160386206862107
7356.047277376056,-460.9857943991793,26.179186027947026,-201.486150903299,24.170287085431813
7357.047377228737,-164.52634108996048,26.823932000838873,-90.03484683464814,24.736783687639484
7360.04767678678,-422.24636874476,26.18352812763335,-119.8176836978208,25.284315172471036
7361.0477766394615,-502.22385602665975,27.195465692730405,-80.53353324076632,25.108318366635068
7362.047877162695,-484.05730299261046,25.97774345091342,-7.3658094596442165,25.50973459770786
7363.047977015376,-442.57920419781874,26.134064457722083,-146.42087657155224,25.397177367342593
7364.048076868057,-386.1686825763316,25.71551903481705,-192.094551617164,24.762380865174144
7365.048177391291,-412.7545675792575,25.76053767599974,-296.62261600222257,24.50022536738793
7366.048277243972,-310.3552461310089,25.74113620775769,-166.69782237129726,24.52121464179088
7367.048377767205,-322.4351574069173,27.006556024860128,-165.33958604384725,25.378721836398906
7368.048476278782,-354.4778422975728,26.090942603073373,17.45106331361403,25.035831655625177
7369.048576802015,-490.51941535853894,25.94143921963641,-246.0560485608938,24.677295290396028
7370.0486766546965,-402.7960934175419,26.44129323579823,-170.61801010147778,25.030090977119553
7371.04877717793,-460.69916797912026,26.334748285193765,-310.07686483916416,24.581532436780016
7372.048877030611,-258.70954100579684,27.014584943541962,-60.196345358780185,24.94692067402657
7373.048976883292,-308.57781858500346,26.693675836870597,-161.20117786139699,24.699024659333734
7374.049077406526,-317.0673273758958,27.2195906484381,-260.4119243846443,25.002594983906988
7375.049177259207,-362.5458179214545,26.784383298670555,-153.0423177444833,24.417943658475092
7376.04927778244,-326.79319554967117,27.318741825408633,-45.286212701351864,25.000229294189065
7377.049376294017,-475.07155412200456,25.911481562949813,-167.99507636541514,24.372521915918043
7378.04947681725,-252.13013501730077,27.29438383996298,-32.6691183855062,25.08836767277644
7384.079420641065,-350.43869451929135,26.145555024459103,-27.70182634120505,24.896359143874875
7385.079520493746,-363.4539607605345,26.096661389349194,-47.204216417185435,25.118233116426307
7392.080220133066,-248.01510231277618,26.93548689790237,-50.47130841450884,24.941485645274703
7407.127730548382,-471.9059601939022,25.482805057729447,-183.0549508181311,24.004372631675082
7412.128229811788,-279.1103676292333,26.220902464056167,-25.16592029629105,24.27292191749335
7413.128330335021,-186.50913869719344,25.820672509491196,-12.181680021900734,24.53811933177572
7414.128430187702,-305.08906821831346,25.497163933421927,-161.75779842589714,24.16877150803313
7415.128530710936,-325.5090566390777,25.65943610992566,-291.2930083934518,24.284542172920805
7416.128630563617,-372.992720089458,25.70067597618691,-55.31417182012632,24.623769717183304
7417.12873108685,-200.6045946194382,25.518430579312977,-104.48666879956637,23.799063171257067
7418.128830939531,-289.1002132412556,26.648179426921462,31.325837325039178,24.797968923584634
7420.129031315446,-147.27408000724748,25.908137520159734,-204.13323253754712,24.004435460644316
7421.129129827023,-259.0893790602682,26.718282747870308,30.317009835260006,24.888901073145977
7422.129230350256,-276.1655902205951,25.783720542615868,32.965119601776195,24.599112434759828
7423.129330202937,-19.677571606622834,26.522704681067477,-108.93443474451213,24.2159615276011
7424.1294307261705,-158.9626179074649,26.14795120134484,-109.18701687558746,24.36763308732856
7425.129530578852,-24.202646118765827,26.277460451348592,-42.24325865967307,24.089845654235198
7426.129631102085,-177.81338917630407,25.62257619758712,-23.58306646118254,24.704531818816832
7427.129730954766,-178.43499501139726,25.431270417710394,-36.16160181125242,24.364574905616593
7428.129829466343,-308.13586922457625,25.213529873541,-27.73523735752068,24.643238420541422
7429.292599260807,-420.46131270612807,25.93507215684427,-125.0201101131773,25.023248475978935
7430.29269978404,-256.0360479031328,26.18802371741264,-183.75536399628632,24.678658629037997
7431.292798295617,-131.6810755703968,25.96429114547597,-39.58627329789258,24.509013375565722
7432.292900159955,-250.66804207649378,25.459304797790175,-76.63201352815983,24.00998034854466
7433.292998671532,-218.2825194317681,25.53992528885277,41.65786868729481,24.14160845731954
7434.293098524213,-499.4488300529793,25.63881713935961,-112.32451464443069,24.630793498743994
7435.293199047446,-279.4577589852784,25.120767839806113,-87.09840203750761,24.145575019577144
7436.293298900127,-199.98479440658903,25.74537572342792,-184.92574126405043,23.680771969641732
7437.293399423361,-303.1921668033707,25.491751115498474,-121.79504088317653,23.955072220100153
7438.293499276042,-7.85672138381543,26.133469620567094,112.63172746491053,24.319253373118407
7439.293599799275,-213.56504024655115,24.52741500130246,-26.592267310830575,23.17757437728023
7440.293698310852,27.427321681815332,24.980199977796524,-121.84369393038877,23.781694180527584
7441.29380017519,-198.82606064325265,24.946544668095886,-124.77770629681554,23.627147057394364
7442.293900027871,-354.72607440878323,25.17893009471681,67.96733332341275,23.802709956767064
7443.293998539448,-76.48980077891878,26.555677397898332,-59.32673197002188,24.14143273431233
7444.294099062681,-54.676452208642026,26.14894613738565,-81.62322744324953,23.819110982040954
7445.294198915362,-160.2603061900885,25.015654216871912,-108.90439979625161,24.13485393480174
7447.294399291277,-170.63573347604273,25.827479491606017,-40.818265815444725,24.007195118973183
7448.29449981451,-65.31239728060065,24.934329860195692,-17.060884110248256,24.019654297771396
7449.294598326087,-11.266319731840913,25.046437997944178,9.68840517877668,23.991233699603047
7450.294700190425,-82.24437080446266,24.48233021771893,96.91273822001709,24.01420230918419
7451.294800043106,-178.02963053485587,24.390309824490743,-84.70162736597874,23.604094214136133
7452.294898554683,-23.71590377685071,24.939776270104012,-185.04090358316094,23.696504085501314
7454.4411036372185,-204.65886420826675,24.816738099754676,17.65847628626796,23.920014420397113
7455.4412034899,-237.78849717461412,25.31420520665095,35.38948905953323,24.129730051137408
7456.441304013133,45.57751155693948,25.33675216894286,-240.1211115194026,23.75398407939191
7457.441403865814,-88.05968772553669,25.495542990213735,-168.2070279775245,23.64806309988059
7458.441504389048,-161.3850059915922,24.581181772824948,-8.32269971675999,23.311108759038536
7459.441602900624,-101.95413591579995,24.977865976949385,119.51347553304431,23.60908312302379
7460.441703423858,-148.81201638533975,25.125453943320142,55.329700192242484,23.53030233056207
7461.441803276539,18.715277749076233,24.952613394338034,-4.417991378342441,23.283148216510583
7462.44190312922,-162.77877812306286,24.605098859430704,5.6567027890068236,23.432777392558233
7463.442003652453,-180.89375026410391,24.448545756408624,33.126031630534065,23.200211849229976
7464.442103505135,-120.24426977635461,25.428719256801124,39.36695868083767,23.951365900663397
7465.442204028368,-84.88752576784948,25.190317925268424,-94.82893220353805,23.427335026721305
7466.442303881049,-127.02103873496868,24.20747123086176,-175.83800283676163,23.23940723436606
7467.442404404283,119.13742338722682,24.35093937443432,17.804834330249136,23.27008459626208
7468.442502915859,-106.45802148644322,24.340294204389178,66.46760351448509,23.150084393489646
7469.442603439093,-29.68719244561673,23.64397262443603,-228.57836798422207,22.67959158977309
7470.442703291774,47.73811422350801,23.959900113370338,94.58861499243635,22.996772591655713
7471.442803144455,41.40944429382632,24.261428923226084,-219.56353998892385,22.908140792762275
7472.442903667688,88.18259526106881,24.627544712692156,-155.50900041523911,23.05205188179518
7473.4430035203695,-80.7431512112335,25.19278777457631,-141.0741873209875,23.585228727883685
7474.443104043603,-47.31531921576017,24.06710198161275,1.6449021100919048,23.21935995687462
7475.443203896284,-133.1152228172542,24.14540364859046,-32.86772791843135,23.00387336017062
7476.4433044195175,91.70984317857864,24.449453513913795,-86.6547433346678,23.32307486109679
7477.443402931094,14.711038050505236,24.39800830593158,-15.660731837755472,22.934588102631945
7478.443502783775,-67.56003598575914,23.932859681949544,221.2196679725657,23.122323964828286
